company_no,company_name
5568093172,MAKAJO Sverige AB
5569557308,Svenska Marinvaror i Luleå AB
5591764666,H.P.A Projekt AB
5562742949,Västerås Ventilationsservice Aktiebolag
5563747137,Citylåset i Kristianstad Aktiebolag
5567570006,RAMTAB Aktiebolag
5567203020,GSJ VENTService AB
5568853179,Midera Bygg AB
5567283550,Benjegård Construction Company AB
5560847690,Högsboverken Aktiebolag
5561696823,Wikmans VVS AB
5566479266,Norrmalms Bygg i Sundsvall AB
5561635060,BORDEX AB
5591478101,SjöGoo AB
5568547292,SHALA Bygg AB
5569352718,Totallås i Stockholm AB
5568975931,Elektrikerna i Östergötland AB
5569578817,Respro AB
5567083158,Bostadsbyggen i Norrtälje AB
5567100739,H.U.S Allrör i Järfälla AB
5569323198,Haven Concept AB
5567377865,JFK Elektriska i Stockholm AB
5565987871,"NTB, Norrköpings Trä och Betong AB"
5568958150,Service E.M.J Entreprenad AB
5568389489,Kovlands Maskinentreprenad AB
5564261914,Bosse Palmgren Golv Aktiebolag
5565544029,XBO securitysystems AB
5561870998,Beso Elektriska Aktiebolag
5564375342,L. Noréns Rör Aktiebolag
5567651335,Elenheten i Sthlm AB
5565484200,Pigmenta Måleri AB
5566046479,Leif Ivar Petterssons EL AB
5590301460,Silfverberg Mattias Bygg AB
5567842397,Norrö Bygg AB
5566689195,K Kanon AB
5565207023,A. Berglunds vägunderhåll AB
5565962106,AKs Plåtslageri & Takläggning i Tranås AB
5569555542,El-Force Sverige AB
5567079917,C. Eidenskogs Bygg AB
5568151921,Frontbyggen i Göteborg AB
